gemma,phi,llama
"Option 3: k = n = 1

The equation has one real solution in the interval", Option 2: k = 1 and n = 0,Option 2: k = 1 and n = 0
"Option 3: 2

The property holds for any x in G, not just x =", 2,The answer is Option 2: 1
"Option 2: n = 1 and r = 7

The null space n consists of"," Option 2: n = 1 and r = 7

Explanation: The",The answer is Option 4: n = 2 and r = 6
"Option 1: 4

The curve xy = 8 is a line segment with a constant", 2sqrt(2),The answer is Option 4: 2sqrt(2)
"Option 3: 2/23

The probability of selecting 2 damaged suitcases out of", 2/69,Option 4: 12/125
"**Option 3: (S, +, x) has an identity under addition modulo 10"," Option 4: (S, +, x) has no identity under multiplication modulo 1","Option 4: (S, +, x) has no identity under multiplication modulo 10."
"Option 1: 12*sqrt(2)

Explanation:

The ladder is moving", Option 3: 4*sqrt(2),The answer is Option 1: 12*sqrt(2).
"Option 3: 25%

The probability that the three smaller segments could form the sides", Option 1: 0 The correct answer is Option 1: 0. This,Option 1: 0
"Option 3: II only

The property of a linear transformation that P^2 = P is"," Option 4: III only

Explanation: A linear transformation P on a finite-",Option 4: III only
"Option 4. Both (a) and (b).

The statement is true as every compact"," Option 1: Every compact space is complete


Explanation: In topology, a",Option 3: Neither (a) nor (b).
"Option 3: 25

A complete graph with 10 vertices would have 2", Option 4: 45,The answer is Option 4: 45.
"Option 4: 3/8

The probability that the value of at least one of the"," Option 4: 3/8

Explanation: Since X and Y are independent",The answer is Option 1: 1/64
"Option 1: 0

The dimension of the subspace V intersect W is always less than or"," 3 Option 4: 3

Explanation: The dimension of the",The answer is: 2
"Option 3: 10

The solution is based on the fact that we need to create", Option 4: 13,The answer is Option 2: 7
"Option 1: 0.64

The probability that neither integer chosen will be the square", Option 4: 0.95,The answer is Option 2: 0.72
"Option 1: I only

The statement is only true if the definition of compact set is used"," I only

Explanation: According to the Heine-Borel theorem, a",Option 1: I only
The answer is I. If V has a basis containing only eigenvectors of T then U = M(," Option 4: I and II only

Explanation:

I. If V",Option 4: I and II only
"Option 2: -1/(4sqrt(2))

Explanation: The work done by a"," Option 3: 0

Explanation: The work done by a force on a",The answer is Option 3: 0.
"The answer is I and III only.

The statement I and III only is true. The other"," Option 3: I and III only

Explanation:
I. If A and","Option 4: I, II, and III"
"Option 3: sqrt(5)

The sequence {x_n} is a sequence of", 0,The answer is Option 2: e.
"Option 2: II only

Explanation: An eigenvector of A is an eigenvector of A"," Option 3: III only

Explanation:

If v is an eigenvector",The answer is: 4
"Option 4. Five

The number of positive integers k does the ordinary decimal representation of the integer", None,The answer is Option 1: None
"Option 2: II only

A right ideal of R must be a non-empty subset of"," Option 1: I only

Explanation: For a subset U of a ring R",Option 4: I and II only
"Option 1: 2/81

The probability of rolling a 5 on the first"," Option 1: 2/81 To solve this, let's assign prob",Option 2: 1/18
"Option 3: False, True

The statement is false because the limit of the ratio of two"," False, False


Explanation:

Statement 1 is false because the limit","Option 2: True, False

This is because statement 1 is true. The product of"
"The correct answer is: I and III only.

The structure (Z, • ) is not"," Option 3: II and III only

Explanation:

To determine if a",Option 1: I and II only
"Option 3: 41/8 days

Explanation: When Kate and John work simultaneously,", Option 3: 41/8 days,Option 4: 36/7 days
"Option 3: sqrt(2)

The greatest possible area of a triangular region with one vertex", Option 4: pi,The answer is Option 4: pi
"Option 3: f has a relative minimum at (0, 0).

Explanation: A", Option 1,"Option 4: f has an absolute minimum at (2/3, 2/3)."
"Option 3: 12

The largest order of an element in the group of permutations of", Option 4: 15,Option 3: 12
"Option 1: S(n0 + 1) is not true.

The statement is", Option 3: S(n) is not true for any n <= n0,Option 4: S(n) is not true for any n >= n0
"Option 2: (3/7, 3/14, 9/14"," Option 3: (7/15, 8/15, 1/1","Option 2: (3/7, 3/14, 9/14)"
"Option 3: For 3, 5, 7, 9, and 1"," Option 2: For 3, 5, 7, and 1aal only
","Option 2: For 3, 5, 7, and 11 only"
"Option 3: 3

A tree with 5 vertices is a connected graph with 5", 1,The answer is Option 3: 3.
"Option 3: III only

Explanation: The statement is true because similar matrices have similar determinants."," III only

Explanation:

Similar matrices are matrices that represent the same linear",Option 2: II only
Option 2: (x^2 + y^2 + z^2)^2 = , Option 4: (x^2 + y^2 + z^2 + 8)^,Option 3: (x^2 + y^2 + z^2 + 8)^
"Option 3: y = x + 2

The equation of the line tangent to the graph", Option 2: y = 2x,Option 2: y = 2x
"Option 3: 4

The dimension of the subspace kernel of T is 4, since", 3,The answer is: 2
"Option 3: False, True

The statement is false because the converse of the first statement is"," Option 4: False, False

Explanation:

Statement 1: If","The answer is: Option 2: True, False"
"Option 3: 3

The maximum number of acute angles in a convex 10-"," 10 In a convex polygon, all the interior angles are less than 18",Option 4: 4
"Option 1: the entire real axis

Explanation: An analytic function must be single-valued and", Option 1: the entire real axis,Option 2: a point
"Option 4: abelian

An abelian group is a group in which (ab)^2 = a", 4: abelian,Option 4: abelian
"Option 3: 5

Explanation: Since f'(x) ≥ -1 for all x", Option 3: 5,The answer is Option 1: 3
"The answer is III. I and II only.

The trace of a matrix is a scalar value"," Option 2: III only

Explanation:

I. The trace of A",Option 1: II only
"Option 4: 7

The units digit in the standard decimal expansion of the number 7"," 3 To find the units digit of powers of 7, we can observe the pattern",The answer is: 3
"Option 3: False, True

The statement is false as the converse of the first statement is"," False, False

Explanation:

Statement 1: It is not necessarily true","Option 2: True, False

Statement 1 is true: If a function f is continuous"
"Option 3: π/3

Explanation: The region bounded by the curves y = x and", Option 3: π/3,The answer is Option 2: π/6
"Option 3: 3pi

Explanation is not required to answer this question.", Option 2: pi,Option 3: 3pi
"The correct answer is (III) [2, 2] ∪ [3, 3"," Option 2: Only (IV)

Explanation: The interval of convergence for a",Option 3: (I) and (IV )
Option 3: There does not exist an uncountable subset E of R such that f is non, Option 4: None of the above. The statement is not accurate. Here's,Option 4: None of the above.
"Option 3: a ray in the open first quadrant

The graph of x^(log y)"," Option 4: a single point

Explanation: The equation x^(log y)",Option 4: a single point
"Option 3: p >= 1

Explanation: A norm ||x||_p expresses the", Option 3: p >= 1,Option 2: 2
"Option 3: f is continuous.

A function f between two topological spaces is continuous if for"," Option 3: f is continuous.

Explanation: In topology, a continuous function",Option 3: f is continuous.
"Option 3: 12*sqrt(3)

Explanation: The area of an equilateral", Option 3: 12*sqrt(3),The answer is Option 3: 12*sqrt(3).
"Option 3: 8

Explanation: A abelian group of order n up to isomorphism has exactly", Option 1: 4,Option 3: 8
"Option 3: |x| = 0 if and only if x = 0

The"," Option 4: |x + y| = |x| + |y|

This",Option 4: |x + y| = |x| + |y|
"Option 3: 6

The vector space V of real polynomials of degree at most 3", 7,"The answer is: 4 

Explanation is not required as per your request."
"Option 3: 0 and 1 only

The subspace V intersect W is a subspace of"," Option 4: 0, 1, and 2 only","The answer is Option 4: 0, 1, and 2 only"
"Option 4: 3π/2

Explanation: The area between the two curves can be"," Option 2: π

Explanation: The curves y = (sin x +",The answer is Option 2: π
"Option 1: 9

Explanation is not required as the question does not ask for an explanation", Option 2: 8,Option 4: -5
"Option 3: Two

The polynomial 2x^5 + 8x - 7", None,Option 1: None
"Option 1: 20!/2^(10)

Explanation: The number of ways", Option 3: 10^(20) - 2^(10),The answer is Option 1: 20!/2^(10)
"Option 4. Both (a) and (b).

The statement is true since it is", Option 3: Neither (a) nor (b),Option 2
"Option 1: 1/4

Explanation is not required as the question does not require an", 1/2,Option 2: 1/3
"The complex numbers under addition

The complex numbers under addition are a group, while the other options are"," Option 1: The integers under addition The concept here is group theory, a branch of",Option 2: The nonzero integers under multiplication
"Option 3: 9x + 4y

Explanation: The given condition is 3", Option 4: 4x - 9y,Option 4: 4x - 9y
"Option 4: -sqrt(35)

The minimum value of the expression x + ", Option 3: -sqrt(34),The answer is Option 4: -sqrt(35).
"The answer is III.

The ideal {x : x \in U and x \in V"," Option 3: I and II only

Explanation:

I. {u",Option 2: II only
"Option 3: π

Explanation is not required to answer this question."," Option 3: π

The volume V of the solid generated by revolving the region",The answer is Option 3: π
"Option 3. Tuesday

Explanation: The question asks about 10^(10^(1", Wednesday,Option 4: Wednesday
"Option 3: -8/(3π) cm/min

The volume of a cone is", Option 3: −8/(3π) cm/min,Option 2: −4/(3π) cm/min
"The answer is: The system is consistent.

A system of linear equations is consistent if and only"," Option 4: Every solution is a scalar multiple of (-5, 1, 1,","Option 4: Every solution is a scalar multiple of (-5, 1, 1,"
"Option 2: f(e^c)

Explanation: The minimum value of a function is", Option 1: f(c),Option 2: f(e^c)
"The correct answer is I. The trace of A is 3.

The trace of a matrix"," III only

Explanation:
The characteristic equation of a matrix A is given by det",Option 4: I and II only
"Option 4: 2e

Explanation: We can solve this by integrating both sides of the", Option 1: 1/(2e),The correct answer is Option 1: 1/(2e).
"Option 3: 51 <= H <= 55

The event that has the greatest", Option 1: H = 50,Option 2: T >= 60
"Option 3: False, True

The statement is false because a local maximum implies the existence of"," Option 4: False, False

Explanation:

Statement 1: False","The answer is:  Option 3: False, True"
"Option 4: -1

Explanation: The trace of a matrix is the sum of the elements", Option 2: 1,Option 3: 0
"Option 2: x^2/8

The area of a rectangle is equal to the length", Option 3: x^2/4,Option 2: x^2/8
"Option 3: False, True

The statement is false, as the closure of a connected set"," Option 3: False, True


Explanation:

Statement 1 is","Option 2: True, False

However, I must note that the statements seem to be related"
"Option 3: The set of all functions from R to {0, 1}

The"," The set of all functions from Z to Z

Explanatory Note:

Cardinal",The answer is Option 2: The set of all functions from Z to Z.
"Option 3: 32

Explanation: The function satisfies the recurrence relation, so we have"," Option 1: 24 To solve this, let's break it down step",The answer is Option 1: 24
"Option 3: 8

The number of structurally distinct Abelian groups with order 72", 4,The answer is: 4
"Option 3: 35

Explanation is not required as the question does not ask for an", Option 3: 35,Option 4: 37
"Option 3: local maximum at P and a saddle point at Q.

Explanation: A local"," Option 3: local maximum at P and a saddle point at Q

(Note:",Option 2: saddle point at P and at Q
"Option 3: If A is uncountable, then A = R.

The real line R"," Option 3: If A is uncountable, then A = R.

Explan","Option 2: If A is closed, then A = R."
"Option 4: The determinant of M is nonzero.

The determinant of a matrix is a scalar"," Option 4: The determinant of M is nonzero.

Explanatory note:",Option 4: The determinant of M is nonzero.
"Option 4: 49

The equation cos(97x) = x is only", Option 1,The answer is Option 3: 31
"Option 1: The ring of complex numbers

The product of two nonzero elements in the complex number"," Option 3: The ring of continuous real-valued functions on [0, 1]",Option 4: The ring {a + b * sqrt(2) : a and b are
"Option 4: a^2 = a

Explanation: A homomorphism is a function that preserves the", Option 1: G is abelian,Option 1: G is abelian
"Option 4: 2

The sum of the two matrices is a 2 by 2"," Option 3: 0

Explanation:

For matrix A (2x",The answer is Option 3: 0
"The answer is III.

The image of f is compact means that every closed subset of (0"," Option 4: I and III only

Explanation:

I. A function",Option 1: I only
"Option 3: 5/8

The probability that x < y is 5/8", 1/2,Option 3: 5/8
"Option 3: sqrt(2)/4

Explanation: The inequality 0 < |x|"," Option 1: 0 To understand why the answer is 0, let's",The answer is Option 3: sqrt(2)/4
"Option 4: 32i

The complex number (1+i)^10 is", Option 4: 32i,Option 4: 32i
"Option 3: 0 or 1

The intersection of two subspaces is a subspace of", Option 3: 0 or 1,Option 3: 0 or 1
"The answer is Option 1: closed.

A subset S of a topological space is closed if", closed,Option 4: totally disconnected
"Option 3: x^2 + y^2 = 9

The equation x^2", Option 4: x^2 + y^2 = 16,Option 4: x^2 + y^2 = 16
"Option 3: 28

The property states that the number of subsets of X that contain", Option 4: 35,The answer is Option 1: 24
"Option 1: (1, 6)

Explanation: T(1, 2)"," Option 2: (-1, 4)","Option 4: (-4, 3)"
